{
  "pages": [
    {
      "headings": {
        "cave-street-view": "Cave Street View",
        "problem-statement": "Problem Statement",
        "members": "Members"
      },
      "title": "Cave Street View",
      "footer": "footer.md",
      "src": "index.md"
    },
    {
      "headings": {
        "approach": "Approach",
        "general-process-pipeline": "General Process Pipeline",
        "experiment-and-results": "Experiment and Results",
        "dataset": "Dataset:",
        "exploited-code": "Exploited Code:",
        "implemented-code": "Implemented Code:",
        "success-criteria": "Success Criteria:",
        "experiments": "Experiments",
        "experiment-results": "Experiment Results"
      },
      "title": "Proposal",
      "footer": "footer.md",
      "src": "proposal.md"
    },
    {
      "headings": {
        "midterm-update-10312018": "Midterm Update 10/31/2018",
        "experiment-1": "Experiment 1",
        "alpha-blending": "Alpha Blending",
        "experiment-2": "Experiment 2",
        "stitching-multiple-images": "Stitching Multiple Images",
        "conclusion": "Conclusion",
        "current-pipeline": "Current Pipeline",
        "deviations-from-proposal": "Deviations from proposal",
        "future-work": "Future Work",
        "references": "References"
      },
      "title": "Midterm Update",
      "footer": "footer.md",
      "src": "midterm.md"
    }
  ]
}
